{
  "experiment": "msd_random_alpha1e3",
  "system": "mass_spring_damper",
  "alpha": 0.001,
  "derivative_mse_stable": 1.8761026090942324e-06,
  "derivative_mse_baseline": 4.580492363311351e-06,
  "final_rollout_error_stable": 5.995011633785907e-06,
  "final_rollout_error_baseline": 8.343095032614656e-06,
  "mean_rollout_error_stable": 5.1569736569945235e-06,
  "mean_rollout_error_baseline": 4.232277206028812e-06,
  "lyapunov_max_violation": -5.325517804521951e-12,
  "lyapunov_fraction_satisfied": 1.0
}