{
  "experiment": "p4_rollout_aug_notebook",
  "system": "damped_pendulum_4",
  "alpha": 1e-05,
  "n_eval_traj": 16,
  "rollout_steps": 300,
  "stable_error_final": 0.5062050223350525,
  "stable_error_mean": 11.585735321044922,
  "stable_error_max": 160.53314208984375,
  "fhat_error_final": 0.5778335332870483,
  "fhat_error_mean": 11.655925750732422,
  "fhat_error_max": 161.466552734375,
  "lyapunov_max_violation_random_projected": 5.495385266840458e-07,
  "lyapunov_fraction_satisfied_random_projected": 1.0,
  "projection_fire_rate": 0.22875,
  "correction_norm_mean": 0.07983943819999695,
  "correction_norm_p95": 0.661532461643219,
  "correction_norm_max": 6.978487968444824,
  "discrete_deltaV_fraction_nonpositive": 0.9408333333333333,
  "discrete_deltaV_max": 0.044003963470458984,
  "baseline_error_final": 1.6673667430877686,
  "baseline_error_mean": 10.803535461425781,
  "baseline_error_max": 139.35108947753906
}