{
  "experiment": "p4_random_large_e500",
  "system": "damped_pendulum_4",
  "alpha": 0.001,
  "epochs": 500,
  "hidden": 200,
  "depth": 3,
  "derivative_mse_stable": 4.135618383789063,
  "derivative_mse_baseline": 3.7279168212890625,
  "final_rollout_error_stable": 365.00909423828125,
  "final_rollout_error_baseline": 0.4321715831756592,
  "mean_rollout_error_stable": 282.2429504394531,
  "mean_rollout_error_baseline": 10.532745361328125,
  "lyapunov_max_violation": 1.0281801223754883e-05,
  "lyapunov_fraction_satisfied": 0.99951171875
}