{
  "experiment": "p4_rollout_aug",
  "alpha": 1e-05,
  "n_rollout_train_trajs": 500,
  "n_rollout_steps": 300,
  "final_rollout_error_stable": 0.5062050223350525,
  "final_rollout_error_fhat": 0.5778335332870483,
  "mean_rollout_error_stable": 11.585735321044922,
  "lyapunov_max_violation": 5.495385266840458e-07,
  "lyapunov_fraction_satisfied": 1.0,
  "projection_fire_rate": 0.22875
}