{
  "experiment": "p4_twophase",
  "system": "damped_pendulum_4",
  "alpha": 1e-05,
  "phase1_tag": "p4_random_large_e500_alpha1e5",
  "phase2_epochs": 300,
  "derivative_mse_stable": 3.691993115234375,
  "final_rollout_error_stable": 472.43902587890625,
  "final_rollout_error_fhat": 0.5771927237510681,
  "mean_rollout_error_stable": 522.5328979492188,
  "mean_rollout_error_fhat": 11.655194282531738,
  "lyapunov_max_violation": 2.0655279513448477e-06,
  "lyapunov_fraction_satisfied": 1.0,
  "projection_fire_rate": 0.8629166666666667
}